{"loss": [0.6853348612785339, 0.6688187718391418, 0.6259046196937561, 0.5240179300308228, 0.4049799144268036, 0.30001935362815857, 0.23441866040229797, 0.18619278073310852, 0.15822352468967438, 0.13257725536823273, 0.13617560267448425, 0.11528526246547699, 0.10281369090080261, 0.09133219718933105, 0.08906880021095276, 0.08550439774990082, 0.07687171548604965, 0.08017516136169434, 0.07424362748861313, 0.06860111653804779], "accuracy": [0.6005024909973145, 0.6180904507637024, 0.7964823842048645, 0.8743718862533569, 0.9070351719856262, 0.9371859431266785, 0.929648220539093, 0.9547738432884216, 0.9623115658760071, 0.9648241400718689, 0.9522613286972046, 0.9648241400718689, 0.9723618030548096, 0.9773869514465332, 0.9748743772506714, 0.9723618030548096, 0.9773869514465332, 0.9748743772506714, 0.9824120402336121, 0.9824120402336121], "precision": [0.6005024909973145, 0.6180904507637024, 0.7964823842048645, 0.8743718862533569, 0.9070351719856262, 0.9371859431266785, 0.929648220539093, 0.9547738432884216, 0.9623115658760071, 0.9648241400718689, 0.9522613286972046, 0.9648241400718689, 0.9723618030548096, 0.9773869514465332, 0.9748743772506714, 0.9723618030548096, 0.9773869514465332, 0.9748743772506714, 0.9824120402336121, 0.9824120402336121], "recall": [0.6005024909973145, 0.6180904507637024, 0.7964823842048645, 0.8743718862533569, 0.9070351719856262, 0.9371859431266785, 0.929648220539093, 0.9547738432884216, 0.9623115658760071, 0.9648241400718689, 0.9522613286972046, 0.9648241400718689, 0.9723618030548096, 0.9773869514465332, 0.9748743772506714, 0.9723618030548096, 0.9773869514465332, 0.9748743772506714, 0.9824120402336121, 0.9824120402336121], "specificity": [0.8456970453262329, 1.0, 0.9296291470527649, 0.8912296295166016, 0.9353815317153931, 0.9787272810935974, 0.9700129628181458, 0.9708888530731201, 0.9882867336273193, 0.9775079488754272, 0.9766666889190674, 0.9781211614608765, 0.9892857074737549, 0.9929230213165283, 0.9883332848548889, 0.9915555715560913, 0.9919191598892212, 0.9855555891990662, 0.9969230890274048, 0.9873635768890381], "F1_Score": [0.15020638704299927, 0.009999998845160007, 0.6037895083427429, 0.8255057334899902, 0.8697267174720764, 0.9197439551353455, 0.902498185634613, 0.9381804466247559, 0.9487013220787048, 0.9523707628250122, 0.9277747869491577, 0.9569358229637146, 0.9666392803192139, 0.965583086013794, 0.9659191966056824, 0.9550129175186157, 0.967144787311554, 0.9630304574966431, 0.9702564477920532, 0.9761395454406738], "auc": [0.6465083360671997, 0.741275429725647, 0.8920639753341675, 0.9531956315040588, 0.9617655277252197, 0.979271411895752, 0.9816576242446899, 0.987389862537384, 0.9887629151344299, 0.9923487305641174, 0.9898361563682556, 0.9930714964866638, 0.9936491250991821, 0.9953158497810364, 0.9951326847076416, 0.9949590563774109, 0.995921790599823, 0.9956566691398621, 0.9962689876556396, 0.9958145022392273], "cohen_kappa": [0.03310057520866394, 0.0063157882541418076, 0.5190075039863586, 0.725822925567627, 0.7931594252586365, 0.8672264218330383, 0.8428617119789124, 0.9015123248100281, 0.9179137349128723, 0.9224360585212708, 0.8902122974395752, 0.9271374344825745, 0.9396886229515076, 0.9477121233940125, 0.9450210332870483, 0.9345341324806213, 0.9488024711608887, 0.9408813714981079, 0.956999659538269, 0.9619715809822083], "val_loss": [0.6745102405548096, 0.6498395204544067, 0.5843914151191711, 0.4704427421092987, 0.35510092973709106, 0.258391797542572, 0.19490234553813934, 0.16074088215827942, 0.1346631497144699, 0.13814181089401245, 0.10292604565620422, 0.09446979314088821, 0.0898573249578476, 0.0999126136302948, 0.08266087621450424, 0.09013918042182922, 0.07869452238082886, 0.07499037683010101, 0.0744895413517952, 0.07345209270715714], "val_accuracy": [0.6549707651138306, 0.6666666865348816, 0.8830409646034241, 0.9005848169326782, 0.9064327478408813, 0.9473684430122375, 0.9532163739204407, 0.9532163739204407, 0.9649122953414917, 0.9707602262496948, 0.9590643048286438, 0.9766082167625427, 0.9707602262496948, 0.9590643048286438, 0.9707602262496948, 0.9649122953414917, 0.9707602262496948, 0.9766082167625427, 0.9707602262496948, 0.9649122953414917], "val_precision": [0.6549707651138306, 0.6666666865348816, 0.8830409646034241, 0.9005848169326782, 0.9064327478408813, 0.9473684430122375, 0.9532163739204407, 0.9532163739204407, 0.9649122953414917, 0.9707602262496948, 0.9590643048286438, 0.9766082167625427, 0.9707602262496948, 0.9590643048286438, 0.9707602262496948, 0.9649122953414917, 0.9707602262496948, 0.9766082167625427, 0.9707602262496948, 0.9649122953414917], "val_recall": [0.6549707651138306, 0.6666666865348816, 0.8830409646034241, 0.9005848169326782, 0.9064327478408813, 0.9473684430122375, 0.9532163739204407, 0.9532163739204407, 0.9649122953414917, 0.9707602262496948, 0.9590643048286438, 0.9766082167625427, 0.9707602262496948, 0.9590643048286438, 0.9707602262496948, 0.9649122953414917, 0.9707602262496948, 0.9766082167625427, 0.9707602262496948, 0.9649122953414917], "val_specificity": [1.0, 0.9898990392684937, 0.9485110640525818, 0.9485110640525818, 0.9485110640525818, 0.9586120843887329, 0.9586120843887329, 0.9586120843887329, 0.9586120843887329, 1.0, 0.9668765664100647, 0.976977527141571, 0.9668765664100647, 0.9402466416358948, 0.9687130451202393, 0.9604486227035522, 0.9687130451202393, 0.976977527141571, 0.9687130451202393, 0.9852419495582581], "val_F1_Score": [0.0, 0.06060605123639107, 0.7902698516845703, 0.8155450224876404, 0.8322055339813232, 0.9189517498016357, 0.9312610626220703, 0.9312610626220703, 0.9440377950668335, 0.9598617553710938, 0.9395255446434021, 0.9582962393760681, 0.9523022174835205, 0.9245178699493408, 0.9500318169593811, 0.9417673349380493, 0.9500318169593811, 0.9582962393760681, 0.9500318169593811, 0.9415739178657532], "val_auc": [0.7632775902748108, 0.8359324336051941, 0.9481208324432373, 0.956619143486023, 0.9741116762161255, 0.9880647659301758, 0.9925959706306458, 0.9951438307762146, 0.995212197303772, 0.9929208755493164, 0.9972298741340637, 0.9980164766311646, 0.9977429509162903, 0.9958619475364685, 0.9976061582565308, 0.9963065385818481, 0.997366726398468, 0.9977086782455444, 0.9975034594535828, 0.9974351525306702], "val_cohen_kappa": [0.0, 0.026445599272847176, 0.7106066346168518, 0.7488994002342224, 0.765180230140686, 0.8800849914550781, 0.8940710425376892, 0.8940710425376892, 0.9179039001464844, 0.9364525079727173, 0.9066102504730225, 0.9418008923530579, 0.9304430484771729, 0.8938332200050354, 0.9292617440223694, 0.9167225360870361, 0.9292617440223694, 0.9418008923530579, 0.9292617440223694, 0.9146378040313721]}